{"faces": [[0, 1, 2], [2, 1, 3], [2, 3, 4], [1, 0, 5], [5, 0, 6], [5, 6, 7], [7, 6, 8], [7, 8, 9], [9, 8, 10], [9, 10, 11], [11, 10, 12], [11, 12, 13], [13, 12, 14], [13, 14, 15], [15, 14, 16], [15, 16, 17], [17, 16, 18], [17, 18, 19], [19, 18, 20], [8, 6, 21], [21, 6, 22], [21, 22, 23], [23, 22, 4], [23, 4, 24], [24, 4, 25], [22, 2, 4], [1, 5, 26], [26, 5, 27], [26, 27, 28], [28, 27, 29], [28, 29, 30], [30, 29, 31], [30, 31, 32], [7, 9, 29], [29, 9, 33], [29, 33, 31], [31, 33, 34], [31, 34, 35], [35, 34, 36], [12, 10, 37], [37, 10, 38], [37, 38, 39], [39, 38, 40], [39, 40, 41], [41, 40, 42], [38, 21, 40], [40, 21, 23], [33, 43, 34], [34, 43, 44], [44, 43, 45], [44, 45, 46], [46, 45, 17], [46, 17, 19], [45, 43, 13], [13, 43, 11], [16, 14, 47], [47, 14, 48], [47, 48, 49], [49, 48, 37], [49, 37, 39], [47, 50, 16], [16, 50, 51], [52, 53, 46], [46, 53, 44], [54, 55, 35], [35, 55, 31], [28, 56, 26], [1, 57, 3], [58, 59, 49], [49, 59, 47]], "vertices": [[6274.125, 5845.5224609375], [12474.125, 14603.8564453125], [6274.125, 6595.5224609375], [6274.125, 13853.8564453125], [5674.125, 13853.8564453125], [6274.125, -1412.8106689453125], [5674.125, 5845.5224609375], [5674.125, -1412.8106689453125], [-3025.874755859375, 5845.5224609375], [-3025.874755859375, -1412.8106689453125], [-3625.874755859375, 5845.5224609375], [-3625.874755859375, -1412.8106689453125], [-12325.875, 5845.5224609375], [-12325.875, -1412.8106689453125], [-12925.875, 5845.5224609375], [-12925.875, -1412.8106689453125], [-16925.875, 2503.85595703125], [-12925.875, -2162.810546875], [-16925.875, -10196.1435546875], [-12925.875, -9421.1435546875], [-12925.875, -10196.1435546875], [-3025.874755859375, 6595.5224609375], [5674.125, 6595.5224609375], [-3025.874755859375, 13853.8564453125], [-3025.874755859375, 14603.8564453125], [5674.125, 14603.8564453125], [12474.125, -10196.1435546875], [6274.125, -2162.810546875], [6274.125, -9421.1435546875], [5674.125, -2162.810546875], [5674.125, -9421.1435546875], [3174.125244140625, -10196.1435546875], [5674.125, -10196.1435546875], [-3025.874755859375, -2162.810546875], [-3025.874755859375, -9421.1435546875], [-2625.874755859375, -10196.1435546875], [-3025.874755859375, -10196.1435546875], [-12325.875, 6595.5224609375], [-3625.874755859375, 6595.5224609375], [-12325.875, 13853.8564453125], [-3625.874755859375, 13853.8564453125], [-12325.875, 14603.8564453125], [-3625.874755859375, 14603.8564453125], [-3625.874755859375, -2162.810546875], [-3625.874755859375, -9421.1435546875], [-12325.875, -2162.810546875], [-12325.875, -9421.1435546875], [-16925.875, 6703.85595703125], [-12925.875, 6595.5224609375], [-12925.875, 13853.8564453125], [-30625.875, 6703.85595703125], [-30625.875, 2503.85595703125], [-12325.875, -10196.1435546875], [-3625.874755859375, -10196.1435546875], [-2625.874755859375, -22096.14453125], [3174.125244140625, -22096.14453125], [6274.125, -10196.1435546875], [6274.125, 14603.8564453125], [-12925.875, 14603.8564453125], [-16925.875, 14603.8564453125]]}